TITLE,DIRECTOR,ACTOR,GENRE,SPECTATORS,RUNTIME,OPENDATE,IMGLINK,MOVIECONTENT
그대들은 어떻게 살 것인가 ,미야자키하야오,"산토키소마,스다마사키,시바사키코우,아이묭,기무라요시노,기무라타쿠야",애니메이션,전체관람가,124분,2023.10.25,https://img.cgv.co.kr/Movie/Thumbnail/Poster/000087/87433/87433_1000.jpg,"화재로 어머니를 잃은 11살 소년 ‘마히토’는 아버지와 함께 어머니의 고향으로 간다. 어머니에 대한 그리움과 새로운 보금자리에 적응하느라 힘들어하던 ‘마히토’ 앞에 정체를 알 수 없는 왜가리 한 마리가 나타나고, 저택에서 일하는 일곱 할멈으로부터 왜가리가 살고 있는 탑에 대한 신비로운 이야기를 듣게 된다. 그러던 어느 날, ‘마히토’는 사라져버린 새엄마 ‘나츠코’를 찾기 위해 탑으로 들어가고, 왜가리가 안내하는 대로 이세계(異世界)의 문을 통과하는데…!"
바람 따라 만나리 : 김호중의 계절 ,,,,전체관람가,107분,2023.10.18,https://img.cgv.co.kr/Movie/Thumbnail/Poster/000087/87422/87422_1000.jpg,"3개월간 전국 6개 도시에서 10만 아리스와 함께했던 김호중의 첫 전국 투어 콘서트, 아리스트라!  제대 후 일년간 쉬지 않고 달려온 김호중이 지친 몸과 마음을 달래기 위해 떠난 여행  대규모 오케스트라와 김호중의 천상의 목소리, 그리고 아리스의 환호가 공연장을 가득 채웠던 감동적인 콘서트 장면과 고군산도의 눈부신 풍경을 따라 여행하는 김호중의 행복한 순간이 스크린X 파노라마 뷰로 펼쳐진다."
플라워 킬링 문 ,마틴스코세이지,"레오나르도디카프리오,로버트드니로,릴리글래드스톤","범죄,드라마",청소년관람불가,205분,2023.10.19,https://img.cgv.co.kr/Movie/Thumbnail/Poster/000087/87444/87444_1000.jpg,"‘플라워 킬링 문’은 진정한 사랑과 말할 수 없는 배신이 교차하는 서부 범죄극으로 ‘어니스트 버크하트’(레오나르도 디카프리오)와 ‘몰리 카일리’(릴리 글래드스톤)의 이루어질 수 없는 로맨스를 중심으로 오세이지족에게 벌어진 끔찍한 비극 실화를 그려낸다. 데이비드 그랜 작가의 베스트셀러 소설을 원작으로 아카데미를 수상한 거장 마틴 스코세이지 감독이 연출과 각본을 맡았으며, 에릭 로스가 각본에 함께 참여했다."
익스펜더블 4 ,스캇워프,"제이슨스타뎀,실베스터스탤론,메간폭스,50센트,토니자,돌프룬드그렌,이코우웨이스,랜디커투어,앤디가르시아",액션,청소년관람불가,103분,2023.10.18,https://img.cgv.co.kr/Movie/Thumbnail/Poster/000087/87358/87358_1000.jpg,테러 단체에게 핵미사일이 탈취되어 3차 세계대전이 발발할 위기의 상황에 ‘리’(제이슨 스타뎀)를 새로운 리더로 맞은 무적의 팀 익스펜더블이 작전에 투입되는데...
30일,남대중,"장성욱,김성훈",,12세이상관람가,119분,2023.10.03,https://img.cgv.co.kr/Movie/Thumbnail/Poster/000087/87407/87407_1000.jpg,"“완벽한 저에게 신은 저 여자를 던지셨죠” 지성과 외모 그리고 찌질함까지 타고난, '정열'(강하늘).  “모기 같은 존재죠. 존재의 이유를 모르겠는?” 능력과 커리어 그리고 똘기까지 타고난, '나라'(정소민).  영화처럼 만나 영화같은 사랑을 했지만 서로의 찌질함과 똘기를 견디다 못해 마침내 완벽한 남남이 되기로 한다.  그러나! 완벽한 이별을 딱 D-30 앞둔 이들에게 찾아온 것은... 동반기억상실?  올 추석, 기억도 로맨스도 날리고 웃음만 남긴 이들의 제대로 터지는 코미디가 온다!"
용감한 시민 ,박진표,"신혜선,이준영",,15세이상관람가,112분,2023.10.25,https://img.cgv.co.kr/Movie/Thumbnail/Poster/000087/87410/87410_1000.jpg,"불의는 못 본 척, 성질은 없는 척, 주먹은 약한 척 먹고 살기 위해 조용히 살아 온 기간제 교사 '소시민’.  법도 경찰도 무서울 것 하나 없는 안하무인 절대권력 '한수강'의 선을 넘는 행동을 목격하게 된다.  그의 계속되는 악행을 도저히 참을 수 없었던 그녀, 정체를 숨긴 채 통쾌한 한 방을 날리기로 마음 먹는데…  ""선은 네가 먼저 넘었다 말이 안 통하면 혼나야지!"""
오픈 더 도어 ,장항준,"이순원,서영주,김수진,강애심","미스터리,스릴러",15세이상관람가,71분,2023.10.25,https://img.cgv.co.kr/Movie/Thumbnail/Poster/000087/87438/87438_1000.jpg,"이른 새벽, 미국 뉴저지의 한 세탁소에서 총성이 울려 퍼진다. 살인 사건은 세간을 떠들썩하게 하지만 범인이 잡히지 않은 채 서서히 잊혀진다. 7년 후, 행복했던 가족의 과거를 추억하던 두 남자는 술을 마시던 중 숨겨진 비밀을 마주하게 되는데…  절대 열어서는 안 되는 판도라의 상자, 당신은 여시겠습니까?"
화사한 그녀,이승준,"엄정화,송새벽,방민아,박호산,손병호,김재화",,12세이상관람가,121분,2023.10.11,https://img.cgv.co.kr/Movie/Thumbnail/Poster/000087/87305/87305_1000.jpg,인생 역전 한방을 꿈꾸는 화사한 작전꾼 ‘지혜’ 매번 허당한 실력으로 허탕만 치던 그녀에게 600억이라는 일생일대의 기회가 찾아왔다!  실패는 사치다!라는 모토 아래 영혼까지 끌어 모은 마지막 작전을 시작하는데…
사나-저주의 아이,시미즈다카시,호시토모코,호러,15세이상관람가,102분,2023.10.04,https://img.cgv.co.kr/Movie/Thumbnail/Poster/000087/87355/87355_1000.jpg,"“내 노래를 들어줘…”  방송국 창고에서 발견된 오래된 카세트테이프. 그 안에 담긴 정체불명의 허밍 소리를 들은 방송국 관계자들이 실종되기 시작하고, 인기 아이돌 ‘제너레이션즈’ 마저 테이프를 접한 후 저주 같은 공포에 시달린다. 급기야 콘서트를 앞두고 멤버가 실종되는 사태에 이르는데… 매니저는 상황을 해결하기 위해 급히 탐정을 고용하고 테이프에 얽힌 한 소녀의 미스터리한 사연을 마주한다.  모든 것은 카세트테이프에서 시작됐다! 재생하는 순간, 봉인된 ‘저주의 멜로디’가 깨어난다!"
팀 버튼의 크리스마스 악몽 ,헨리셀릭,"대니엘프먼,크리스서랜던,캐서린오하라,윌리엄히키,글렌샤딕스,폴루벤스","가족,환타지,애니메이션,뮤지컬",전체관람가,77분,2023.10.18(재개봉),https://img.cgv.co.kr/Movie/Thumbnail/Poster/000087/87500/87500_1000.jpg,"반복되는 할로윈 준비가 지겨운 호박 왕 잭은 모두에게 즐거운 크리스마스를 전하고 싶다. 하지만 잭의 신나는 임무는 산타를 위험에 빠뜨리고, 온 세상의 착한 아이들에게는 악몽이 되고 만다!"
화란,김창훈,"홍사빈,송중기,김형서",드라마,15세이상관람가,124분,2023.10.11,https://img.cgv.co.kr/Movie/Thumbnail/Poster/000087/87408/87408_1000.jpg,영화 <화란> 은 지옥 같은 현실에서 벗어나고 싶은 연규가 조직의 중간 보스 치건을 만나 위태로운 세계에 함께 하게 되며 펼쳐지는 이야기를 그린 느와르 드라마
믿을 수 있는 사람 ,곽은미,"이설,오경화,박세현,우정원,이노아",드라마,12세이상관람가,94분,2023.10.18,https://img.cgv.co.kr/Movie/Thumbnail/Poster/000087/87405/87405_1000.jpg,"“안녕하세요, 제 이름은 박한영입니다. 성의를 다해 가이드할 테니, 저를 믿으시고 즐겁게 보내시기 바랍니다”  눈 뜨고 코 베인다는 서울에서, 안락한 정착을 꿈꾸는 20대 한영.  관광통역안내사 자격증을 취득 후, 이제 정말 돈만 벌면 될 줄 알았는데... 중국 여행객을 상대로 한 가이드 업무는 마음 같지 않고, 심지어 유일하게 의지했던 친구 정미마저 서울살이 청산을 선언한다.  열심히 살아도 마음 같지 않은 서울살이, 이대로 끝…?  당신의 여행은 제가 가이드할게요, 그런데... 제 인생은 누가 가이드해 주죠?"
블루 자이언트 ,타치카와유즈루,"야마다유키,마미야쇼타로,오카야마아마네","애니메이션,드라마",12세이상관람가,119분,2023.10.18,https://img.cgv.co.kr/Movie/Thumbnail/Poster/000087/87298/87298_1000.jpg,"“세계 최고가 될 거야, 반드시” 언제나 강가에서 홀로 색소폰을 불던 고등학생 ‘다이’는 세계 최고의 재즈 플레이어에 도전하기 위해 도쿄로 향한다.  “실력이 안 되면 같이 안 할 거니까” 우연히 재즈 클럽에서 엄청난 연주 실력을 뽐내는 천재 피아니스트 ‘유키노리’를 만나 밴드 결성을 제안하고,  “나도 드럼을 칠 수 있을까?” ‘다이’의 고등학교 동창이자 평범한 대학생이던 ‘슌지’가 열정 가득한 초보 드러머로 합류하면서 밴드 ‘JASS 재스’가 탄생한다.  “전력을 다해 연주하자! 분명 전해질 거야” 목표는 최고의 재즈 클럽 ‘쏘 블루’! 10대의 마지막 챕터를 바친 JASS 재스의 격렬하고 치열한 연주가 지금, 바로, 여기서 시작된다!"
1947 보스톤,강제규,"하정우,임시완,배성우,김상호",드라마,12세이상관람가,108분,2023.09.27,https://img.cgv.co.kr/Movie/Thumbnail/Poster/000087/87388/87388_1000.jpg,"“나라가 독립을 했으면 당연히 우리 기록도 독립이 되어야지!”  1936년 베를린 올림픽, 세계 신기록을 세운 마라톤 금메달리스트 ‘손기정’. 기미가요가 울려 퍼지는 시상대에서 화분으로 가슴에 단 일장기를 가렸던 그는 하루아침에 민족의 영웅으로 떠올랐지만 일제의 탄압으로 더 이상 달릴 수 없게 된다.  광복 이후 1947년 서울, 제2의 손기정으로 촉망받는 ‘서윤복’에게 ‘손기정’이 나타나고 밑도 끝도 없이 ‘보스톤 마라톤 대회’에 나가자는 제안을 건넨다. 일본에 귀속된 베를린 올림픽의 영광을 되찾기 위해 처음으로 태극마크를 가슴에 새기고 달려 보자는 것!  운동화 한 켤레 살 돈도 없던 대한의 마라토너들은 미국 보스톤으로 잊을 수 없는 여정을 시작하는데…"
천박사 퇴마 연구소-설경의 비밀,김성식,"강동원,허준호,이솜,이동휘,김종수,박소이",,12세이상관람가,98분,2023.09.27,https://img.cgv.co.kr/Movie/Thumbnail/Poster/000087/87335/87335_1000.jpg,"대대로 마을을 지켜 온 당주집 장손이지만 정작 귀신은 믿지 않는 가짜 퇴마사 ‘천박사’(강동원).   사람의 마음을 꿰뚫는 통찰력으로 가짜 퇴마를 하며, 의뢰받은 사건들을 해결해 오던 그에게 귀신을 보는 의뢰인 ‘유경’(이솜)이 찾아와 거액의 수임료로 거절하기 힘든 제안을 한다.   ‘천박사’는 파트너 ‘인배’(이동휘)와 함께 ‘유경’의 집으로 향하고 그곳에서 벌어지는 사건을 쫓으며 자신과 얽혀 있는 부적인 ‘설경’의 비밀을 알게 되는데…   귀신을 믿지 않는 가짜 퇴마사! 그의 세계를 흔드는 진짜 사건이 나타났다!"
엑소시스트-믿는 자 ,데이빗고든그린,"엘렌버스틴,레슬리오덤주니어,앤도드,라파엘스바지,제니퍼네틀스,올리비아오닐",호러,15세이상관람가,111분,2023.10.18,https://img.cgv.co.kr/Movie/Thumbnail/Poster/000087/87428/87428_1000.jpg,"한날한시에 동시에 사라졌던 ‘앤젤라’와 ‘캐서린’. 기억이 전부 사라진 채 상처투성이 몸으로 돌아온 두 아이는 이상 증세를 보이며 날이 갈수록 섬뜩하게 변해간다. 마침내 두 아이의 몸을 동시에 차지한 악마가 존재를 드러내고, 한 명을 살리면 한 명이 죽는다는 충격적인 사실이 밝혀지는데…  신이 너한테 장난을 쳤네 극한의 공포와 대면할 자, 누구인가"
만강홍-사라진 밀서,장예모,"선텅,이양천새,뇌가음,장역,악운붕,왕가이",드라마,15세이상관람가,158분,2023.10.11,https://img.cgv.co.kr/Movie/Thumbnail/Poster/000087/87361/87361_1000.jpg,송나라 재상 진회의 주둔지에서 금나라의 사신이 살해 당한다. 범인은 재상에게 바칠 밀서를 훔쳐 사라진 상황. 진회는 범행을 부인하는 유력 용의자 장대에게 목숨을 미끼로 밀서의 행방을 찾으라 명한다.  각기 다른 목적으로 밀서를 찾아야만 하는 6인! 주어진 시간은 단 2시간 뿐! 반드시 밀서를 차지해야만 한다!
아이유 콘서트 : 더 골든 아워,,,,전체관람가,172분,2023.09.13,https://img.cgv.co.kr/Movie/Thumbnail/Poster/000087/87246/87246_1000.jpg,"- 5주차 상영기간: 10/11(수) ~ 10/17(화)  - 5주차 상영극장: CGV 광교, 광주터미널, 대구, 대전, 동탄, 서면, 소풍, 압구정, 왕십리, 용산아이파크몰, 울산삼산, 의정부, 인천, 일산, 전주효자, 창원더시티, 천호, 청주(서문). 춘천, 판교  ※극장 사정에 따라 상영 극장이 변동될 수 있으며, 상세 상영일정은 각 지점별 상영시간표를 확인 부탁드립니다. ※각종 이벤트 및 특전은 추후 CGV 홈페이지 및 앱을 통해 확인부탁드립니다. ※<아이유 콘서트 : 더 골든 아워>는 특별 콘텐츠로 각종 우대가, 할인쿠폰, 관람가, 상품권 사용 및 카드사 즉시할인 적용이 제한됩니다.  ※해당 콘텐츠는 공연 실황 영화입니다.   데뷔 15주년 기념, <아이유 콘서트 : 더 골든 아워> CGV 개봉!  한국 여자 가수 최초로 올림픽주경기장에 입성한 아이유의 단독 콘서트 'The Golden Hour'를 극장에서 만난다!  전율을 선사한 무반주 오프닝을 시작으로 우리가 사랑한 노래들로 꽉 채워진 셋 리스트, 올림픽주경기장에 뜬 스트로베리 문 열기구부터 불꽃놀이, 드론 쇼까지 눈과 귀를 황홀하게 만드는 마법 같은 무대연출!  레전드 무대와 꽉 찬 라이브로 행복했던 우리들의 ‘골든 아워’ 2023년 9월, 잊지 못할 감동이 스크린에서 펼쳐진다!"
크리에이터,가렛에드워즈,"존데이비드워싱턴,젬마찬,와타나베켄,매들린유나보일스","SF,액션",12세이상관람가,133분,2023.10.03,https://img.cgv.co.kr/Movie/Thumbnail/Poster/000087/87354/87354_1000.jpg,"“이것은 인류의 존망이 걸린 싸움입니다”  인류를 지키기 위해 만들어진 AI가 LA에 핵폭탄을 터뜨린 후,  인류와 AI 간의 피할 수 없는 전쟁이 시작된다.  전직 특수부대 요원 ‘조슈아’는  실종된 아내의 단서를 얻을지도 모른다는 생각에  전쟁을 끝내기 위한 인류의 작전에 합류한다.  인류를 위협할 강력한 무기와 이를 창조한 ‘창조자’를 찾아 나서고, 그 무기가 아이 모습의 AI 로봇 '알피'란 사실을 알게 되는데…  인간적인가, 인간의 적인가 10월, AI 블록버스터의 신세계가 펼쳐진다!"
거미집,김지운,"최정화,이동진",,15세이상관람가,132분,2023.09.27,https://img.cgv.co.kr/Movie/Thumbnail/Poster/000087/87395/87395_1000.jpg,"“결말만 바꾸면 걸작이 된다, 딱 이틀이면 돼!”  1970년대 꿈도 예술도 검열당하던 시대 성공적이었던 데뷔작 이후, 악평과 조롱에 시달리던 김감독(송강호)은 촬영이 끝난 영화 ‘거미집’의 새로운 결말에 대한 영감을 주는 꿈을 며칠째 꾸고 있다. 그대로만 찍으면 틀림없이 걸작이 된다는 예감, 그는 딱 이틀 간의 추가 촬영을 꿈꾼다. 그러나 대본은 심의에 걸리고, 제작자 백회장(장영남)은 촬영을 반대한다. 제작사 후계자인 신미도(전여빈)를 설득한 김감독은 베테랑 배우 이민자(임수정), 톱스타 강호세(오정세), 떠오르는 스타 한유림(정수정)까지 불러 모아 촬영을 강행하지만, 스케줄 꼬인 배우들은 불만투성이다. 설상가상 출장 갔던 제작자와 검열 담당자까지 들이닥치면서 현장은 아수라장이 되는데…  과연 ‘거미집’은 세기의 걸작으로 완성될 수 있을까?"
우리의 하루 ,홍상수,"기주봉,김민희,송선미,박미소,하성국,김승윤",드라마,12세이상관람가,84분,2023.10.19,https://img.cgv.co.kr/Movie/Thumbnail/Poster/000087/87440/87440_1000.jpg,"한 사람은 사십대 초반 여자인데 고양이를 키우는 사람의 집에 잠시 머물고 있고, 다른 사람은 혼자 사는 칠십대 남자인데 전에 키웠던 고양이가 늙어 죽었다. 오늘 두 사람을 찾아온 방문객들이 있었는데, 여자를 찾아온 방문객은 이십대 여자였고, 남자를 찾아온 방문객은 삼십대 남자였다. 두 방문객들 모두 진지한 질문들을 갖고 왔는데, 사십대 초반의 여자는 선 채로 짧게 대답해준 편이고, 칠십대 남자는 조금 길게 대화를 이어가게 된다. 두 사람 다 손님 앞에서 점심으로 라면을 먹는데, 공교롭게도 둘 다 라면에 고추장을 넣어 먹는 모습을 보여준다. 라면에 고추장을 넣어 먹는 건 흔한 일이 아니다. 나중에 한쪽 집에선 고양이가 집을 나간 일이 일어나고, 다른 집에선 술판이 벌어지게 된다. 한쪽 집에선 해가 지고 나서 끝나고, 다른 집에선 해지기 바로 전에 끝이 난다."
서칭 포 슈가맨,말릭벤젠룰,"말릭벤젠룰,로드리게즈",다큐멘터리,전체관람가,86분,2023.10.11(재개봉),https://img.cgv.co.kr/Movie/Thumbnail/Poster/000087/87439/87439_1000.jpg,"미국에선 ZERO, 남아공에선 HERO?! 팝 역사상 가장 신비로운 가수, ‘슈가맨’의 놀라운 이야기!  ● 본고장 미국: 음반 판매 6장, 아무도 알아주지 않는 비운의 가수! ● 반대편 남아공: 밀리언셀러 히트가수, ‘엘비스’보다 유명한 슈퍼스타! 70년대 초, 우연히 남아공으로 흘러 들어온 ‘슈가맨’의 앨범은 지난 수십 년간 가장 큰 사랑을 받으며 최고의 히트를 기록한다. 하지만 ‘슈가맨’은 단 두 장의 앨범만 남기고 사라져버린 신비의 가수!  전설의 ‘슈가맨’을 둘러싸고 갖가지 소문만 무성한 가운데, 두 명의 열성 팬이 진실을 밝히고자 그의 흔적을 찾기 시작한다. 그러나 단서라고는 오직 그의 노래 가사뿐! 기발한 추적 끝에 ‘슈가맨’에 대한 수수께끼를 풀었다고 생각한 순간, 그들은 상상하지도 못했던 놀라운 사실과 마주하게 되는데...!"
더 넌 2,마이클차베즈,"타이사파미가,보니아론스,조나스블로켓,안나포플웰,스톰리드,케이틀린로즈다우니",호러,15세이상관람가,110분,2023.09.27,https://img.cgv.co.kr/Movie/Thumbnail/Poster/000087/87387/87387_1000.jpg,"컨저링 유니버스 사상 가장 강력한 악마가 돌아왔다!  1956년, 프랑스의 한 성당에서 신부가 끔찍하게 살해당한다. 이 사건을 조사하기 위해 파견된 아이린 수녀는 4년 전 자신을 공포에 떨게 했던 악마의 기운을 느낀다. 어두운 밤, 계속해서 일어나는 의문의 사건들 가운데 충격적인 진실이 드러나는데…  9월, 기도를 멈추지 마라"
프리 철수 리 ,,,,12세이상관람가,86분,2023.10.18,https://img.cgv.co.kr/Movie/Thumbnail/Poster/000087/87197/87197_1000.jpg,"2건의 살인, 10년의 재판, “정말로 난, 살인자가 아닙니다!”   탕! 탕! 탕! 1973년 6월 3일, 미국 샌프란시스코 차이나타운 거리 한복판에서 중국인 갱단이 총격을 받고 사망한다. 5일 후, 한 동양인 청년이 살인 용의자로 긴급 체포된다. 이름 ‘철수 리’, 21살의 한인 이민자였다. 동양인 외모를 구별 못하는 백인 목격자들의 증언으로 종신형을 선고받은 이철수는 곧장 캘리포니아에서 가장 폭력적인 교도소에 수감된다.  그대로 묻힐 뻔했던 사건은 한 기자의 심층 보도로 다시 수면 위로 떠오른다. 한인 최초의 미국 주류 신문사 기자였던 이경원은 차이나타운 취재 중 우연히 이철수 사건을 접하고, 엉터리 재판 과정을 폭로한다. 이철수의 억울한 사연이 알려지며 한인 이민 사회와 종교계가 들끓고, 재심을 요구하는 구명 운동이 시작된다. ‘프리 철수 리’ 운동이 아시안아메리칸 사회를 뒤흔들며 빠르게 번져가던 중, 교도소 안 이철수는 갱의 공격으로부터 자신을 지키려다 진짜 살인을 저지르게 되는데…. 반전에 반전을 거듭한 10년의 재판, 그리고 아무도 예상하지 못했던 이철수 삶의 반전!   2023년, 모두의 기대를 배반하고 충격적인 감동을 선사할, 당신의 인생 영화가 될 최고의 다큐멘터리!"
8과 2분의 1,페데리코펠리니,"마르첼로마스트로야니,아누크에메,클라우디아카르디날레","드라마,코미디,환타지",미정,140분,2023.10.04,https://img.cgv.co.kr/Movie/Thumbnail/Poster/000087/87416/87416_1000.jpg,"영화감독 구이도는 어느 날 공중에서 떨어지는 꿈을 꾼다. 대작 SF영화 촬영을 앞두고 정신적, 육체적으로 지쳐있던 그는 온천으로 요양을 가지만 그곳에서도 벗어날 수 없는 문제들이 있다. 펠리니 자신이 “나의 두 번째 데뷔작 혹은 진정한 첫 번째 영화”라 칭한 작품으로, 영화의 제목인 <8½>은 펠리니가 그전까지 만든 영화들의 갯수를 의미한다. 6편의 장편과 두 개의 단편을 각각 1/2로 나누어 1편, 그리고 공동연출작〈다양한 불빛>을 1/2로 간주하여 펠리니 본인이 그때까지 만들었던 영화가 7과 1/2편이고, 이번 영화가 8과 1/2번째 영화라는 뜻이다. 과거와 현재, 꿈과 현실, 환상과 기억이 혼재된 예술가 내면의 혼란을 독백체에 담아 표현하고 있는데, '펠리니적' 영화 세계와 그의 실제 생애가 압축적으로 표현되어있어 한 편의 영상자서전을 보는 듯 한 감상을 주는 작품이다.  1964 아카데미시상식 외국어영화상 및 의상상 수상"
마브카 : 숲의 노래 ,,,,전체관람가,100분,2023.10.18,https://img.cgv.co.kr/Movie/Thumbnail/Poster/000087/87263/87263_1000.jpg,"올가을, 거대한 마법의 숲 문이 열린다!  오랜 전쟁의 끝, 서로의 문을 닫아 버린 마법의 숲과 인간 세상. 숲의 정령이자 대자연의 새로운 수호자, 마브카는 어느 날 순수한 마음을 지닌 인간 청년 루카스와 사랑에 빠진다. 하지만 악당 킬리나는 사랑에 빠진 마브카의 마음을 이용해 숲을 파괴하고 숲의 심장을 차지하려는 음모를 꾸미는데…"
[씨네뮤지엄 Season2.] 루브르 박물관,,,,12세이상관람가,90분,2023.09.27,https://img.cgv.co.kr/Movie/Thumbnail/Poster/000087/87188/87188_1000.jpg,"●콘텐츠명: 별들의 세계, 루브르 박물관 ※루브르 박물관의 대표작들을 중심으로 구성된 미술 강연 프로그램 입니다.  ●상영 등급 : 12세 이상 관람가   ●프로그램 일정 CGV 명동역 씨네라이브러리: 9/27 (수) 19:00~20:30 CGV 명동역 씨네라이브러리: 10/7 (토) 14:00~15:30   ●아트가이드 소개: 이용규 아트가이드 現 트래블레이블 대표 前 유로자전거나라 프랑스 현지 가이드 팀장   ●강연 내용 루브르박물관은 메소포타미아부터 1848년까지의 작품들을 전시하는 곳입니다. 함부라비법전, 밀로의 비너스, 사모트라케의 니케, 다빈치의 모나지라, 베로네제의 가나의 혼인식, 자크루이다비드의 나폴레옹 대관식과 들라크루아의 민중을 이끄는 자유. 루브르 박물관이 자랑하는 대표작들의 이야기를 스크린을 통해 펼쳐봅니다.  주요 작품 메소포타미아 : 함무라비 법전 그리스 : 밀로의 비너스, 사모트라케의 니케 르네상스 : 모나리자, 가나의 혼인식 바로크 : 마리드메디치 연작 신고전주의 : 호라티우스의 맹세, 나폴레옹 대관식 낭만주의 : 메두사호의 뗏목, 민중을 이끄는 자유   "
"여름을 향한 터널, 이별의 출구",타구치토모히사,"스즈카오지,이토요마리에",애니메이션,12세이상관람가,83분,2023.09.14,https://img.cgv.co.kr/Movie/Thumbnail/Poster/000087/87297/87297_1000.jpg,"터널 안 10초, 바깥 세상에선 6시간... 소원을 이루어 주지만 안팎의 시간이 다르게 흐르는 '우라시마 터널'을 발견한 고등학생 '카오루'와 전학생 '안즈'  터널의 비밀을 알아내기 위해 뜨거웠던 여름을 함께 보낸 두 사람은 어느새 서로에게 가장 소중한 존재가 되는데..."
"람빅, 시간과 열정의 맥주",다니엘루이즈,"더크린데만스,아망드벨더,프랭크분,장반로이,카렐고두,피에르틸퀸",다큐멘터리,전체관람가,67분,2023.10.11,https://img.cgv.co.kr/Movie/Thumbnail/Poster/000087/87434/87434_1000.jpg,세계에서 가장 오래된 맥주 람빅은 현재 유일하게 자연 발효 방식으로 양조되는 벨기에 전통 맥주이다. 람빅을 마신다는 것은 600년 역사를 마시는 것! 그 다채롭고 환상적인 풍미를 찾아 떠나는 여행
라라랜드,데이미언셔젤,"라이언고슬링,엠마스톤","드라마,뮤지컬,로맨스,멜로",12세이상관람가,127분,2022.11.25(재개봉),https://img.cgv.co.kr/Movie/Thumbnail/Poster/000087/85672/85672_1000.jpg,"황홀한 사랑, 순수한 희망, 격렬한 열정… 이 곳에서 모든 감정이 폭발한다!  꿈을 꾸는 사람들을 위한 별들의 도시 ‘라라랜드’. 재즈 피아니스트 ‘세바스찬’(라이언 고슬링)과 배우 지망생 ‘미아’(엠마 스톤), 인생에서 가장 빛나는 순간 만난 두 사람은 미완성인 서로의 무대를 만들어가기 시작한다."
라라랜드,데이미언셔젤,"라이언고슬링,엠마스톤","드라마,뮤지컬,로맨스,멜로",12세이상관람가,127분,2022.11.25(재개봉),https://img.cgv.co.kr/Movie/Thumbnail/Poster/000087/85672/85672_1000.jpg,"황홀한 사랑, 순수한 희망, 격렬한 열정… 이 곳에서 모든 감정이 폭발한다!  꿈을 꾸는 사람들을 위한 별들의 도시 ‘라라랜드’. 재즈 피아니스트 ‘세바스찬’(라이언 고슬링)과 배우 지망생 ‘미아’(엠마 스톤), 인생에서 가장 빛나는 순간 만난 두 사람은 미완성인 서로의 무대를 만들어가기 시작한다."
퍼피 구조대-더 마이티 무비,캘런브런커,"정선혜,박지윤,신용우,문남숙,엄상현","애니메이션,어드벤처",전체관람가,93분,2023.10.06,https://img.cgv.co.kr/Movie/Thumbnail/Poster/000087/87360/87360_1000.jpg,"신비한 힘을 가진 유성이 어드벤처 시티에 떨어진 날, 퍼피 구조대는 유성에서 나온 크리스털 덕분에 초능력을 가진 ‘퍼피 히어로즈’로 변신한다. 하지만 악당 ‘험딩어 시장’과 미치광이 과학자 ‘빅토리아’는 초능력의 원천인 크리스털을 빼앗아 어드벤처 시티를 지배하려 하는데..! 작고 약하게 태어났지만 오랫동안 큰 꿈을 키워 온 ‘스카이’와 퍼피 히어로즈는 주니어 구조대원들과 함께 어드벤처 시티를 지켜낼 수 있을까?"
비긴 어게인,존카니,"키이라나이틀리,마크러팔로,애덤리바인,헤일리스테인펠드","로맨스,멜로",15세이상관람가,104분,2022.11.02(재개봉),https://img.cgv.co.kr/Movie/Thumbnail/Poster/000087/77772/77772_1000.jpg,"“다시 시작해, 너를 빛나게 할 노래를!”   싱어송라이터인 ‘그레타’(키이라 나이틀리)는 남자친구 ‘데이브’(애덤 리바인)가 메이저 음반회사와 계약을 하게 되면서 뉴욕으로 오게 된다. 그러나 행복도 잠시, 오랜 연인이자 음악적 파트너로서 함께 노래를 만들고 부르는 것이 좋았던 그레타와 달리 스타가 된 데이브의 마음은 어느새 변해버린다.   스타 음반프로듀서였지만 이제는 해고된 ‘댄’(마크 러팔로)은 미치기 일보직전 들른 뮤직바에서 그레타의 자작곡을 듣게 되고 아직 녹슬지 않은 촉을 살려 음반제작을 제안한다. 거리 밴드를 결성한 그들은 뉴욕의 거리를 스튜디오 삼아 진짜로 부르고 싶었던 노래를 만들어가는데…"
오펜하이머,크리스토퍼놀란,"킬리언머피,에밀리블런트,맷데이먼,로버트다우니주니어,플로렌스퓨,조쉬하트넷,케이시애플렉,라미말렉,케네스브래너","스릴러,드라마",15세이상관람가,180분,2023.08.15,https://img.cgv.co.kr/Movie/Thumbnail/Poster/000087/87175/87175_1000.jpg,"“나는 이제 죽음이요, 세상의 파괴자가 되었다.” 세상을 구하기 위해 세상을 파괴할 지도 모르는 선택을 해야 하는 천재 과학자의 핵개발 프로젝트."
킴스 비디오,"데이비드레드먼,애슐리사빈",김용만,다큐멘터리,12세이상관람가,88분,2023.09.27,https://img.cgv.co.kr/Movie/Thumbnail/Poster/000087/87331/87331_1000.jpg,"""마치 보물상자 같았어요 '킴스 비디오'에 들어가면 금광에 들어가는 이상한 기분이었어요""  1980년 대 뉴욕 이스트빌리지에 자리잡은 영화광들의 성지, 미스터리한 한국인 '미스터 킴'의 비디오 대여점 '킴스 비디오'! 마틴 스콜세지, 쿠엔틴 타란티노, 코엔 형제, 로버트 드니로가 단골인 55,000 편의 컬렉션과 250,000명의 회원을 보유한 '킴스 비디오'가 사라졌다? '킴스 비디오'가 키운 미친 영화광들의 비디오 해방 프로젝트! 마피아보다 독하게 쫓는 무제한 렌탈 유니버스 지금, 플레이하시겠습니까?"
달콤한 인생,페데리코펠리니,"마르첼로마스트로야니,아니타에크베르그,아누크에메","드라마,코미디",미정,175분,2023.10.04,https://img.cgv.co.kr/Movie/Thumbnail/Poster/000087/87415/87415_1000.jpg,"삼류 신문사에서 가십 기사를 쓰는 마르첼로는 자기 일에 만족하기에는 너무 명민하고, 창조적인 작업을 하기에는 너무 게으른 인간이다. 그는 클럽을 전전하며 허무한 시간을 보내고 다양한 문제를 가진 사람들과 마주친다. 로마 사회의 퇴폐적인 치부와 바티칸에 대한 적의 등으로 개봉 당시 상영 금지 요청과 수많은 논란에 휩싸였던 작품. 네오리얼리즘과는 다른 길을 걸어가는 펠리니는 당시 현대인들의 전혀 달콤하지 않은 인생을 담아낸다.  1960년 칸영화제 황금종려상, 1962년 아카데미시상식 의상상 수상."
[콘서트&다이닝]고흐의 별이 빛나는 밤 ,,,,전체관람가,80분,2023.10.21,https://img.cgv.co.kr/Movie/Thumbnail/Poster/000087/87437/87437_1000.jpg,
여덟 개의 산,"펠릭스반그뢰닝엔,샤를로트반더미르히","루카마리넬리,알레산드로보르기",드라마,12세이상관람가,147분,2023.09.20,https://img.cgv.co.kr/Movie/Thumbnail/Poster/000087/87211/87211_1000.jpg,도시에 사는 '피에트로'와 산에 남은 유일한 아이 '브루노'  알프스에서 만나 친구가 된 두 소년은 자연을 누비며 우정을 나눈다  그 후 성인이 된 '피에트로'는 아버지 '조반니'가 세상을 떠난 뒤 산으로 돌아오고 '브루노'와 재회한다
그녀,스파이크존즈,"호아킨피닉스,에이미아담스,루니마라,스칼렛요한슨",드라마,15세이상관람가,126분,2022.08.31(재개봉),https://img.cgv.co.kr/Movie/Thumbnail/Poster/000087/81889/81889_1000.jpg,"사랑과 관계에 서툰 모두를 위한 감성 로맨스 우리에게 사랑하는 법을 알려준, 그녀를 다시 만난다   다른 사람의 편지를 써주는 대필 작가로 일하고 있는 ‘테오도르’는 타인의 마음을 전해주는 일을 하고 있지만 정작 자신은 아내와 별거 중인 채 외롭고 공허한 삶을 살아가고 있다.   어느 날, 스스로 생각하고 느끼는 인공지능 운영체제 ‘사만다’를 만나게 되고, 자신의 말에 귀를 기울이며 이해해주는 ‘사만다’로 인해 조금씩 상처를 회복하고 행복을 되찾기 시작한 ‘테오도르’는 어느새 점점 그녀에게 사랑의 감정을 느끼게 되는데..."
더 퍼스트 슬램덩크,,,,12세이상관람가,124분,2023.01.04,https://img.cgv.co.kr/Movie/Thumbnail/Poster/000087/86720/86720_1000.jpg,"전국 제패를 꿈꾸는 북산고 농구부 5인방의 꿈과 열정, 멈추지 않는 도전을 그린 영화"
[씨네뮤지엄 Season2.] 오르세 미술관,,,,12세이상관람가,90분,2023.09.20,https://img.cgv.co.kr/Movie/Thumbnail/Poster/000087/87189/87189_1000.jpg,"●콘텐츠명: 벨에포크, 근대 미술의 탄생 오르세미술관 ※오르세 미술관의 대표작들을 중심으로 구성된 미술 강연 프로그램 입니다.   ●상영 등급 : 12세 이상 관람가   ●프로그램 일정 CGV 명동역 씨네라이브러리: 9/20 (수) 19:00~20:30 CGV 명동역 씨네라이브러리: 9/30 (토) 14:00~15:30   ●아트가이드 소개: 이용규 아트가이드 現 트래블레이블 대표 前 유로자전거나라 프랑스 현지 가이드 팀장   ●강연 내용 오르세미술관은 1848년부터 1914년까지의 작품들을 전시하는 곳입니다. 벨 에포크, 아름다운 시절이라고 프랑스인들이 회상하는 19세기의 아름다움에 대한 이야기 입니다. 밀레, 쿠르베, 도미에, 마네, 모네, 르느와르, 드가, 빈센트반고흐, 로트렉까지. 우리가 가장 사랑하는 작품들을 스크린을 통해서 만나봅니다.  주요 작품 밀레 : 만종, 이삭줍기 쿠르베 : 오르낭의 매장, 화가의 아틀리에 마네 : 풀밭위의 점심, 올랭피아 그리고 인상주의 화가들의 작품"
당나귀 EO,예르지스콜리모브스키,"산드라지말스카,이자벨위페르,로렌조주르졸로,마테우시코스치우키에비치,사베리오파브리",드라마,15세이상관람가,88분,2023.10.03,https://img.cgv.co.kr/Movie/Thumbnail/Poster/000087/87351/87351_1000.jpg,"가련한 눈망울의 회색 당나귀 EO는 세상의 전부였던 서커스단으로부터 구조된 뒤 폴란드와 이탈리아를 가로지르는 긴 여정에 오른다.  평화로운 농장, 훌리건으로 가득한 축구장 공포의 소시지 공장, 쇠락 직전의 저택...  다양한 공간을 오가며 겪은 인간 세계는 다정하면서도 잔혹하다."
영혼의 줄리에타,페데리코펠리니,"줄리에타마시나,산드라밀로","드라마,코미디,환타지",15세이상관람가,145분,2023.10.04,https://img.cgv.co.kr/Movie/Thumbnail/Poster/000087/87417/87417_1000.jpg,"줄리에타는 성공한 남편 조르조와 행복하게 지내는 정숙한 부인이다. 어느 날 그녀는 결혼기념일에 남편의 지인들과 함께 ‘영혼과의 대화’를 나누다 “너는 쓸모없는 사람”이라는 메시지를 듣고 쓰러진다. 펠리니의 첫 번째 컬러영화로 원색적이고 화려한 색감으로 현실과 꿈, 과거와 현재를 넘나들며 환상적인 화면을 보여준다.  1966년 골드글로브 최우수 외국어영화상"
"[사이다경제] 금융 교육의 시작, 온 가족 경제독립 ",,,,전체관람가,120분,2023.10.31,https://img.cgv.co.kr/Movie/Thumbnail/Poster/000087/87449/87449_1000.jpg,"1. 타이틀 CGV와 사이다경제가 선물하는 계절 경제 이야기 : 사계 프로젝트   2. 세부 내용 가을 PROJECT <가을, 지갑이 살찌는 계절> 제목: 금융 교육의 시작, 온 가족 경제독립 일시: 2023년 10월 31일 화요일 19:30~21:30 장소: CGV명동역 씨네라이브러리 (103석) 수강료: 30,000원   3. 리더 소개 존리 리더 1980년대 초반 연세대 경제학과를 자퇴하고, 미국으로 건너가 뉴욕대에서 회계학을 전공했다. 미국 회계법인 피트마윅에서 공인회계사로, 스커더 스티븐스 앤 클라크, 라자드자산운용 등의 자산운용사에서 펀드매니저로 일했다.    스커더 스티븐스 앤 클라크에서는 한국시장에 투자하는 최초의 뮤추얼펀드인 '코리아펀드 The Korea Fund(KF)'를 운용했다. 코리아펀드는 1991년부터 2005년까지 14년간 연평균 24%의 수익률을 기록했고, 이 펀드의 큰 성공으로 월가의 스타 펀드매니저로 명성을 얻었다. 이 공로를 인정받아 2008년 지식경제부 공로상, 2009년 금융위원회 공로상을 수상했다.    2014년부터 2022년까지 메리츠자산운용의 CEO를 지냈으며, 전 국민 금융문맹 탈출을 위해 고객과의 만남, 강연, 방송, 저술 활동을 활발히 해왔다. 현재 '존리의 부자학교', 유튜브 '존리 라이프스타일 주식'을 통해 금융교육을 하고 있다.   [주요 경력] 존리의 부자학교 대표 전) 메리츠자산운용 CEO (2014~2022) 전) Lazard Asset Managemet (2005~2013) 전) Deutsche Asset Management (2002~2005) 전) Scudder, Stevens and Clark (1991~2002) 전) 미국공인회계사   [주요 저서] <존리, 새로운 10년의 시작> / <엄마, 주식 사주세요> / <존리의 왜 주식인가> / <존리의 부자되기 습관> / <존리의 금융문맹 탈출> / <존리의 금융문맹 탈출> / <존리의 금융 모험생 클럽> / <존리와 함께 떠나는 부자 여행>   4. 프로그램 구성 19:30~21:20 본 세미나 진행 21:20~21:30 Q&A   5. 세미나 내용 1. 부자가 되지 못하는 이유 - 자본가와 노동자의 차이 - 준비되지 않은 노후의 불편한 사례 - 투자를 가로막는 기존 교육의 한계와 주변 환경들 - 금융문맹에서 벗어나야 할 중요성   2. 돈을 위해 일하지 말고 반드시 돈이 당신을 위해 일하게 하라 - 노동으로 자산을 축적하겠다는 마음의 종결 - 주식 투자 방법의 이해(복리의 마법) - 연금저축제도의 소개와 노후 준비 - 부동산 vs 주식? 내 집 마련의 기준   3. 경제 독립을 위한 여정 - 온 가족 경제 독립을 위해 가장 중요한 ‘자녀의 경제 교육’ - 올바르고 행복한 자본가가 되는 법 - 바람직한 투자 목표 설정 - 우리 가족 경제 독립 방법   6. 리더의 한마디 ""모두가 선한 부자가 되기를 바라는 마음으로 강연을 진행합니다.”   부자가 된다는 것은 단순히 돈을 소유한다는 의미가 아닙니다. 돈으로부터 자유로워져 행복과 미래에 대한 희망을 갖게 된다는 것입니다.   이번 강연을 통해 여러분들께서 생각해보셨으면 좋겠습니다. 왜 나는 아무리 열심히 일을 해도 부자가 될 수 없을까? 투자는 복리의 마법이라는데 구체적인 방법이 무엇일까? 우리 자녀에게 정말 필요한 경제/금융 교육은 무엇일까? 우리나라 금융의 미래는 더 나아질 수 있을까? 에 대해서 말이죠.   나는 부자가 될 수 있을까요? 하루 아침에 부자가 되기는 쉽지 않습니다. 잘 세운 투자원칙을 바탕으로 꾸준하게, 경제적인 자유를 향해 달리는 여정을 함께 하시기를 바랍니다.  "
아르고 원정대-꼬마 영웅 패티의 대모험,,,,전체관람가,95분,2023.09.21,https://img.cgv.co.kr/Movie/Thumbnail/Poster/000087/87260/87260_1000.jpg,"“나도 영웅이 될 수 있어요!”  평화로운 항구 도시의 꼬마 생쥐 ‘패티’는 전설 속 아르고 원정대처럼 위대한 모험을 하고 영웅이 되는 꿈을 꾼다. 하지만 딸 바라기 아빠 고양이 ‘샘’은 자꾸 위험한 바깥세상으로 나가려 하는 ‘패티’가 걱정스럽다.  “도시에 내 동상을 세워라!”  어느 날, 질투 많은 바다의 신 ‘포세이돈’이 멋진 삼지창을 든 자신의 동상을 세우라 명령하고, ‘패티’는 위기에 처한 도시를 살리기 위해 전설의 아르고 원정대를 부활시켜 모험을 떠난다. 걱정 많은 ‘샘’도 어쩔 수 없이 모험에 동참하는데…"
플로라 앤 썬,존카니,"이브휴슨,조셉고든레빗,잭레이너,오렌킨런",드라마,15세이상관람가,97분,2023.09.22,https://img.cgv.co.kr/Movie/Thumbnail/Poster/000087/87403/87403_1000.jpg,"젊은 싱글맘 플로라(이브 휴슨)는 우연히 발견한 낡은 어쿠스틱 기타를 아들 맥스(오렌 킨런)에게 선물하지만 반항심 가득한 아들은 이를 거절한다. 직접 기타를 연주해 보기로 마음먹은 플로라, LA의 뮤지션 제프(조셉 고든 레빗)와 가까워지며 본격적인 기타 레슨이 시작된다.  한편, 음악을 알아갈수록 매일매일 새로운 감정도 함께 깨달아 가는 플로라. 어느 날 우연히 맥스가 남몰래 음악을 만들어 왔다는 사실을 알게 되고, 언제나 불협화음이던 아들과의 관계 역시 음악과 함께 점차 변화하기 시작하는데…"
잠,유재선,김희경,,15세이상관람가,94분,2023.09.06,https://img.cgv.co.kr/Movie/Thumbnail/Poster/000087/87238/87238_1000.jpg,"행복한 신혼부부 ‘현수’(이선균)와 ‘수진’(정유미). 어느 날, 옆에 잠든 남편 ‘현수’가 이상한 말을 중얼거린다. “누가 들어왔어”  그날 이후, 잠들면 마치 다른 사람처럼 변하는 ‘현수’. 깨어나면 아무것도 기억하지 못하는 ‘현수’는 잠들면 가족들을 해칠까 두려움을 느끼고 ‘수진’은 매일 잠드는 순간 시작되는 끔찍한 공포 때문에 잠들지 못한다. 치료도 받아보지만 ‘현수’의 수면 중 이상 행동은 점점 더 위험해져가고 ‘수진’은 곧 태어날 아이까지 위험에 빠질지도 모른다는 생각에 갖은 노력을 다해보는데…"
"제11회 스토리업 쇼츠 섹션1. 우리, 집, 우리 ",,,,12세이상관람가,88분,2023.10.21,https://img.cgv.co.kr/Movie/Thumbnail/Poster/000087/87431/87431_1000.jpg,"제11회 스토리업쇼츠 섹션1. 우리, 집, 우리  살아왔고, 살아가고 싶은 ‘집’에 대해 이야기하려 합니다. 아이들의 집, 친구들의 집, 노부부의 집을 들여다보며 하나의 형태로 정의할 수 없는 집의 모습과 그곳에서의 삶을 받아들이기도, 부정하기도 하는 각기 다른 태도 자체가 이번 섹션의 주인공이 되기를 희망합니다. ‘우리’라는 단어가 지닌 이중적인 의미를 떠올리며, 때로는 나를 가두기도 하고 나를 안아주기도 하는 집으로 초대합니다.     유빈과 건 In The Dry Stream 2022 l 강지효 l 25min 43sec l 단편 l DCP l 드라마 l 한국 l 출연: 윤희성, 장시우 물이 흐르지 않는 계곡 깊숙한 곳에 유빈과 건, 두 아이가 있다. 서로가 서로에게 유일한 두 친구. 그들에게 건천은 최고의 집이자 놀이터이나 그 마음을 알아주는 사람은 아무도 없다.  SAVE THE CAT 2021 l 허지예 l 29min 00sec l 단편 l DCP l 드라마 l 한국 l 출연: 옥자연, 이태경 계약기간이 얼마 남지 않은 영우와 진희의 작업실 앞에 고양이가 한 마리 버려진다. 고양이는 작업실에 들어와 둘의 이야기를 휘젓고 다닌다.  나랑 아니면 Without You 2021 l 박재현 l 33min 11sec l 단편 l DCP l 드라마 | 한국 l 출연: 권민경, 오강진 노년의 나이로 청소 일을 하고 있는 김수와 박원 부부. 코로나전염 사태가 심각해지고, 마지막으로 남은 예식장마저 쉬게 된다. 오랜만에 집에서만 함께 있게 된 두 사람. 두 사람은 각자 다른 시간에, 시장 앞에서 사진을 인화해주는 차량을 본 적 있었다."
제11회 스토리업 쇼츠 섹션2. 대담한 대담-장르 밖의 장르 ,,,,청소년관람불가,59분,2023.10.21,https://img.cgv.co.kr/Movie/Thumbnail/Poster/000087/87435/87435_1000.jpg,"제11회 스토리업쇼츠 섹션2. 대담한 대담: 장르 밖의 장르  관객은 어디선가 본 듯한 흔적을 통해 영화를 가늠합니다. 하지만 기시감을 무기로 관객을 붙잡는 장르의 외피를, 자기만의 스타일과 리듬으로 벗겨내는 영화에 우리는 매혹됩니다. 그렇게 감독의 이름은 장르 밖에서 하나의 장르가 되어갑니다. 그늘 아래로, 바다 위로, 집 밖으로 뻗어가며 저마다의 이미지로 생동하는 영화들.    소년유랑 you know, there are ghosts under the tree 2023 l 이루리 l 14min 12sec l 단편 l DCP l 드라마 l 한국 l 출연: 김규리, 정다원 무더운 여름, 비인과 태호는 학교 축제 전야제 행사에 참여하지 못한다. 칼리는 방황하는 아이들에게 말한다. 전야제가 열리는 신목 아래에 그늘 넓이만큼 어린 귀신들이 모여 있다고. 학교를 거쳐간 아이들과 그 공간의 이야기를 공감각적으로 묘사하는 공동학원(空洞學園) 프로젝트의 첫 번째 단편.  마법이 불어오는 날의 바다 The Sea on the Day When the Magic Returns 2022 l 한지원 l 24min 17sec l 단편 l DCP l 애니메이션 l 한국  생각만하면 뭐든지 가질 수 있는 마법을 잃어버린 세진. 뭘 원하는지 떠오르지 않아 사라져버린 마법. 관광통역안내사 면접시험을 6시간 앞두고, 세진은 아빠를 구하러 지겨운 바다로 향한다.  유산 The daughter 2021 l 남순아 l 20min 39sec l 단편 l DCP l 호러 | 한국 l 출연: 한해인, 유의태 오랫동안 엄마를 간병해온 ‘효은'은 죽은 엄마의 집을 유산으로 물려받게 된다. 효은은 어릴 적 친구 ‘선우'의 도움을 받아 집안 곳곳에 남아있는 엄마의 흔적을 지움으로써, 잠시나마 잃어버린 삶을 회복하는 꿈을 꾼다. 그러나 효은이 엄마로부터 벗어나려 하면 할수록 자꾸만 죽은 엄마의 숨소리가 들리고, 집에서는 이상한 일들이 벌어진다."
"[강연&북토크]스페인, 너는 자유다-손미나 작가 ",,,,전체관람가,80분,2023.10.20,https://img.cgv.co.kr/Movie/Thumbnail/Poster/000087/87455/87455_1000.jpg,
"[아트&다이닝]오르세 미술관, 아름다운 시절을 추억하다",,,,전체관람가,90분,2023.10.15,https://img.cgv.co.kr/Movie/Thumbnail/Poster/000087/87436/87436_1000.jpg,
비텔로니,페데리코펠리니,"알베르토소르디,프랑코파브리지,프랑코인테르렝기","드라마,코미디",미정,108분,2023.10.04,https://img.cgv.co.kr/Movie/Thumbnail/Poster/000087/87414/87414_1000.jpg,"작은 해변에 사는 패기 넘치는 다섯 청년 레오폴도, 알베르토, 리카르도, 파우스토, 모랄도는 꿈은 많지만, 정작 아무것도 하지 않고 빈둥대며 삶을 허비한다. 어느 날 모랄도의 여동생 산드라가 파우스토의 아이를 가지게 되는데…. 방황하는 청춘의 소동으로 인한 다양한 청춘 군상을 사실적이면서도 환상적으로 그려냈다.  1953년 베니스영화제 은사자상 수상."
BBC 프롬스: NYO 재즈 위드 디 디 브릿지워터,,,,전체관람가,80분,2023.10.11,https://img.cgv.co.kr/Movie/Thumbnail/Poster/000087/87427/87427_1000.jpg,"그래미상을 3회 수상한 재즈계의 거장 디 디 브릿지워터가 내셔널 유스 재즈 오케스트라(NYO Jazz),션 존스와 함께 로열 앨버트홀을 재즈로 가득 채운다. NYO Jazz는 청소년 재즈 아티스트들이 모여 전문적인 음악 교육을 받으며 재즈의 미래를 키워나가는 오케스트라이다. 이들을 이끄는 음악감독이자 트럼펫 연주자 션 존스가 함께 무대에 오른 이번 공연은 힙합, R&B, 팝 음악에 영향을 준 재즈 음악을 탐구하는 현대음악이 다채롭게 준비되어 있다.    "
[Whisky Master Class]나만의 위스키 취향 ,,,,청소년관람불가,90분,2023.10.27,https://img.cgv.co.kr/Movie/Thumbnail/Poster/000087/87344/87344_1000.jpg,
엔니오-더 마에스트로,쥬세페토르나토레,"엔니오모리꼬네,클린트이스트우드,쿠엔틴타란티노,존윌리엄스,한스짐머,왕가위,브루스스프링스틴,퀸시존스",다큐멘터리,12세이상관람가,156분,2023.07.05,https://img.cgv.co.kr/Movie/Thumbnail/Poster/000087/87099/87099_1000.jpg,"“엔니오 모리꼬네는 우리 인생의 사운드트랙이죠.” -한스 짐머-  <황야의 무법자>, <원스 어폰 어 타임 인 아메리카>, <미션>, <시네마 천국>, <헤이트풀8>… 전 세계가 사랑하는 거장 엔니오 모리꼬네 그가 직접 들려주는 명작 탄생 비하인드 그리고 세계적인 아티스트들이 이야기하는 그에 대한 모든 것"
엘리멘탈,피터손,"레아루이스,마무두아티",애니메이션,전체관람가,109분,2023.06.14,https://img.cgv.co.kr/Movie/Thumbnail/Poster/000087/87034/87034_1000.jpg,"디즈니·픽사의 놀라운 상상력! 올여름, 세상이 살아 숨 쉰다  불, 물, 공기, 흙 4개의 원소들이 살고 있는 ‘엘리멘트 시티’ 재치 있고 불처럼 열정 넘치는 ‘앰버'는 어느 날 우연히 유쾌하고 감성적이며 물 흐르듯 사는 '웨이드'를 만나 특별한 우정을 쌓으며, 지금껏 믿어온 모든 것들이 흔들리는 새로운 경험을 하게 되는데...  제 76회 칸 영화제 폐막작 선정! <굿 다이노> 피터 손 감독 연출 <인사이드 아웃>, <소울> 피트 닥터 제작 참여  6월 극장 대개봉, 웰컴 투 ‘엘리멘트 시티’!"
어파이어,크리스티안페촐트,"토마스슈베르트,폴라비어",드라마,12세이상관람가,102분,2023.09.13,https://img.cgv.co.kr/Movie/Thumbnail/Poster/000087/87254/87254_1000.jpg,"뜨겁고 건조한 여름 발트해 해변. 네 명의 젊은 남녀가 숲속 별장에 모였다. 산불 소식이 들려오고 소방 헬기가 오가는 가운데 이들의 마음 속에도 욕망, 사랑, 질투, 분노의 걷잡을 수 없는 불길이 번지기 시작한다."
스크래퍼,샬롯리건,"롤라캠벨,해리스디킨슨",드라마,12세이상관람가,84분,2023.09.27,https://img.cgv.co.kr/Movie/Thumbnail/Poster/000087/87353/87353_1000.jpg,“한 아이를 키우는 데 온 마을이 필요하다” 아니? 나 혼자서도 충분해!  엄마가 세상을 떠나고 혼자 씩씩하게 살아가던 ‘조지’ 어느 날 초대한 적 없는 손님 ‘제이슨’이 제 집인 양 담벼락을 넘어온다. ‘제이슨’은 본인이 ‘조지’의 아빠라 주장하지만 머리부터 발끝까지 의심스러운 그의 말을 도무지 믿을 수 없다.
극장판 엉덩이 탐정-미스터리 가면 ~최강의 대결,,,,전체관람가,74분,2023.09.28,https://img.cgv.co.kr/Movie/Thumbnail/Poster/000087/87258/87258_1000.jpg,"부엉부엉 박물관 지하, 수수께끼로 둘러싸인 보물 ‘오파츠’를 노리는 세기의 악당 ‘시리어티’ 교수가 나타났다! 그를 막기 위해 ‘엉덩이 탐정’은 국제 경찰 원터폴 소속 ‘오드리’와 합동 수사를 펼치는데… “어둠으로 빛을 몰아 내주지. 이 ‘오파츠’의 힘으로 말이야” 세계를 뒤흔들 거대한 음모를 꾸미는 ‘시리어티’ 교수와 ‘엉덩이 탐정’의 역대급 대결! 과연 승자는 누가 될 것인가?"
팟 제너레이션,소피바르트,"에밀리아클라크,추이텔에지오포,로잘리크레이그",,12세이상관람가,109분,2023.10.03,https://img.cgv.co.kr/Movie/Thumbnail/Poster/000087/87432/87432_1000.jpg,"임신/출산 2.0 이제는 팟이 대신 낳아드립니다.  기술이 자연을 능가하게 된 머지않은 미래. 거대 테크회사 임원 레이철은 승진하면서 모두가 탐내는 최첨단 자궁센터의 예약 기회를 얻는다. 인공 자궁인 ‘팟’을 통해 임신과 출산이 편리해지고 평등하게 공유할 수 있는 경험이 된 것! 흙과 자연을 사랑하는 식물학자 남편 앨비는 이 ‘자연스럽지’ 못한 과정에 반기를 들지만, 이내 레이철에 대한 사랑으로 팟 출산을 감행하기로 한다. 알을 닮은 인공 자궁 팟, 모니터링 앱, AI 상담사까지, 상상할 수 없던 ‘팟 제너레이션’ 부모 되기 여정이 지금 펼쳐진다!"
달콤한 인생에 관한 진실,,,,미정,83분,2023.10.04,https://img.cgv.co.kr/Movie/Thumbnail/Poster/000087/87418/87418_1000.jpg,"페데리코 펠리니 탄생 100주년 기념 다큐픽션. 1958년 말 페데리코 펠리니는 직업적으로 찹찹한 시기를 겪는다. “길”과 “카비리아의 밤”으로 이미 아카데미상을 두 번이나 수상하였지만, 그가 차기 작품으로 구상하고 있던 “달콤한 인생”에는 제작자들이 별 관심을 보이지 않았기 때문이다. 그러나, 당대 최고의 제작자 중 한 명인 주세페 아마토만이 펠리니가 엔니오 플라이아노와 툴리오 피넬리와 함께 쓴 소재의 독창성을 이해하는데…  2020년 베니스영화제 비경쟁부문 상영작"
사라 인 쿠바,,,,전체관람가,100분,2023.10.11,https://img.cgv.co.kr/Movie/Thumbnail/Poster/000087/87430/87430_1000.jpg,베를린 필하모닉의 호른 연주자 사라 윌리스가 젊은 쿠바 연주자 6명과 함께 세상에 없었던 콘서트를 시작한다. 그녀는 모차르트의 곡을 재즈가 들어간 라틴 음악 ‘맘보’로 새롭게 연주하는 '모차르트와 맘보' 프로젝트를 이어 나가고 있다. 뜨거운 태양 아래 쿠바의 길거리에서 다 함께 춤추며 연주하는 풍경은 음악의 에너지를 가장 생생하게 전달한다. 다큐멘터리는 모차르트와 쿠바 음악을 한자리에 모은 음악적인 도전의 과정을 소개한다.
"[클래스&브런치]Design Me, 퍼스널 컬러와 향 ",,,,전체관람가,80분,2023.10.29,https://img.cgv.co.kr/Movie/Thumbnail/Poster/000087/87456/87456_1000.jpg,
명탐정코난-흑철의 어영,,,,12세이상관람가,110분,2023.07.20,https://img.cgv.co.kr/Movie/Thumbnail/Poster/000087/87165/87165_1000.jpg,"인터폴의 최첨단 정보 해양 시설인 ‘퍼시픽 부이’. 일본과 유럽의 CCTV 정보를 확인할 수 있을 뿐 아니라, 장기 수배범이나 유괴당한 피해자를 전 세계에서 찾아낼 수 있는 ‘전연령 인식’이라는 획기적인 AI 기술을 개발 중이다.  그러던 중 독일에서 검은 조직에 의해 유로폴 직원이 살해되는 사건이 발생하고 뒤를 이어 ‘전연령 인식’의 핵심 기술자가 납치된다. 나이와 상관없이 안면 인식이 가능한 기술이 검은 조직의 손에 들어가면 독약 APTX4869(아포톡신 4869) 개발 후 사망한 것으로 알려진 코드명 ‘셰리’이자 하이바라 아이도 위험하게 되는데!  코난, FBI, CIA, 공안 경찰이 합세, 하이바라 아이와 함께 전 세계를 위험에 빠지게 할 절체절명의 오션 배틀 로열이 시작된다!"
드림쏭2,,,,전체관람가,90분,2023.10.03,https://img.cgv.co.kr/Movie/Thumbnail/Poster/000087/87300/87300_1000.jpg,"더 큰 무대로 돌아왔다! 이번엔 월드 투어다!  드림쏭 이후 1년, ‘버디’와 그의 밴드 ‘트루 블루’는 팬들의 열렬한 사랑을 받으며 눈의 마을의 인기 스타가 된다. ‘트루 블루’의 음악과 화려한 퍼포먼스 실력을 본 엔터테인먼트계의 거물 ‘랭’은 월드 클래스 스타 ‘리틀 폭시’와의 세계 투어 콘서트를 제안하고, ‘트루 블루’는 꿈을 위해 세계 투어 버스에 오른다. 하지만 ‘랭’의 친절한 제안에는 ‘버디’의 음악 에너지를 훔쳐 세계를 장악하려는 음흉한 계획이 숨겨져 있었는데.. 과연 ‘버디’는 ‘랭’으로부터 음악 에너지를 되찾고, 진정한 뮤직 쏘울로 세계를 지켜낼 수 있을까?  10월, 다시 함께 노래해!"
다이브-100 피트 추락 ,막시밀리언엘렌바인,"소피로우,루이자크로즈",스릴러,12세이상관람가,91분,2023.11.08,https://img.cgv.co.kr/Movie/Thumbnail/Poster/000087/87461/87461_1000.jpg,"외딴섬으로 다이빙을 떠난 자매 ‘드류’와 ‘메이’ 아름다운 바다 풍경에 감탄하던 것도 잠시, 산사태로 인해 거대한 바위와 물속으로 굴러떨어지고 바위는 두 사람을 깊은 바다 수면 속으로 끌고 들어간다.  수심 28m 추락, 생존 제한 시간 단 20분 깊어질수록 턱 끝까지 차오르는 압도적 공포! 가장 깊은 본능이 깨어난다!"
런닝맨-리벤져스,엄영식,"김서영,엄상현,권창욱,김연우,강시현,전태열,이인석,정유정",애니메이션,전체관람가,73분,2023.08.10,https://img.cgv.co.kr/Movie/Thumbnail/Poster/000087/87176/87176_1000.jpg,"“슈퍼벨트를 가진 자, 이 세상을 다스릴 절대 왕이 되리라!” 진정한 용기와 팀워크로 세상의 평화를 지켜낸 런닝맨! 히어로TV의 BJ팡팡이 축하 인터뷰를 위해 찾아와 전설로만 내려오던 일급 비밀 정보를 알려주는데…! 바로 이 세상의 절대 왕이 될 수 있는 무시무시한 아이템 ‘슈퍼벨트’가 존재한다는 것! 런닝맨들은 각자의 목표를 위해 레이싱을 펼치지만, 의심과 욕심은 이들의 끈끈한 우정에 금이 가게 만드는데… 과연 런닝맨들은 다시 한 번 힘을 합쳐 세상을 구할 수 있을까?"
문바운드 ,,,,전체관람가,84분,2023.10.19,https://img.cgv.co.kr/Movie/Thumbnail/Poster/000087/87413/87413_1000.jpg,달나라로 떠나는 특별한 대모험!  사라진 아내와 자신의 한 쪽 팔을 찾기 위해 용감하고 동물을 사랑하는 인간을 찾는 딱정벌레. 그리고 그의 소원을 들어주기 위해 달나라 여행을 떠나는 ‘피터’와 ‘앤’. 하지만 달나라엔 우주 정복을 꿈꾸는 ‘문맨’이 있었고 결국 동생 ‘앤’이 납치를 당하게 되는데…  납치된 동생을 되찾기 위한 피터의 마법 같은 달나라 여행이 시작된다!
뿌까의 짜장면파티,,,,전체관람가,44분,2022.07.01,https://img.cgv.co.kr/Movie/Thumbnail/Poster/000087/86021/86021_1000.jpg,뿌까와 친구들의 짜장면 파티 준비 과정을 율동과 노래 그리고 퀴즈로 진행하는 영화
소년들 ,정지영,김주상,,15세이상관람가,124분,2023.11.01,https://img.cgv.co.kr/Movie/Thumbnail/Poster/000087/87429/87429_1000.jpg,
수라,황윤,김성환,,전체관람가,108분,2023.06.21,https://img.cgv.co.kr/Movie/Thumbnail/Poster/000087/86828/86828_1000.jpg,"마지막 갯벌 ‘수라’의 새들을 찾기 위해 오늘도 집을 나서는 ‘동필’과 그의 아들 ‘승준’.  오래전 갯벌에 관한 다큐를 만들다 포기했던 영화감독 ‘윤’은 이들을 만나 다시 카메라를 든다.  말라가는 ‘수라’에서 기적처럼 살아남은 도요새, 검은머리갈매기, 흰발농게 …  청춘을 바쳐 이들을 기록해온 사람들의 아름다운 동행  2023년 6월 21일 ‘수라’에 희망의 물길이 차오른다!"
시뮬런트 ,에이프릴뮬렌,"로비아멜,조다나브루스터,시무리우,샘워싱턴",SF,15세이상관람가,95분,2023.11.02,https://img.cgv.co.kr/Movie/Thumbnail/Poster/000087/87299/87299_1000.jpg,"AI는 인간과 공존하기 위해 네 가지 원칙을 반드시 준수한다.  ‘첫째, 인간을 절대 해치지 않는다’ ‘둘째, 스스로 프로그램을 수정하거나 복제할 수 없다’ ‘셋째, 법을 위반하지 않는다’ ‘넷째, 주인의 명령에 무조건 복종한다’  그러나 의문의 해킹을 통해 인간의 통제를 벗어나 스스로 사고하게 된 AI들의 이탈이 이어지고, 그들을 쫓는 특수요원, 그리고 비밀의 키를 쥔 해커의 쫓고 쫓기는 추격전이 시작된다.  AI의 반란, 이 모든 것은 시작에 불과하다!"
치치핑핑의 쿵쿵따 탐험대,,,,전체관람가,45분,2023.04.10,https://img.cgv.co.kr/Movie/Thumbnail/Poster/000087/86921/86921_1000.jpg,"5년에 1번씩 개최되는 세계탐험대회! 이번 대회의 미션은 바로 음악!  스토리라인:  올해의 미션은 '세계 최고의 악기를 찾아라' 치치와 핑핑, 생큼이, 독캣, 사요, 드래콩이 함께 세계를 돌며, 최고의 악기를 찾아가는 여정 -각 대륙별 전통 민속악기 체험 -치치핑핑의 동물동요, 공룡동요 활용, 메인 테마곡(자작곡), 기존의 친숙한 싱어롱 곡을 혼용하여 12~16곡 삽입 -타악과 가장 잘 어울리는 힙합이라는 음악 장르를 혼용하여 모든 어린이들이 참여할수 있는 분위기 연출"
톡 투 미 ,"대니필리푸,마이클필리푸","소피와일드,알렉산드라젠슨,조버드,오티스단지,조테라크스,마커스존슨,미란다오토",호러,15세이상관람가,95분,2023.11.01,https://img.cgv.co.kr/Movie/Thumbnail/Poster/000087/87441/87441_1000.jpg,"실시간트렌드 #90초빙의챌린지 #넘사벽스릴 #주작아님  STEP 1. 촛불을 켜고 저승의 문을 연다. STEP 2. 몸을 묶고 ‘죽은 자의 손’을 잡는다. STEP 3. “내게 말해”라고 속삭인다. STEP 4. 나타난 귀신에게 “널 들여보낸다”라고 말하면 빙의 완료.  ※ 경고 ※ 단, 90초 안에 깨울 것. 반드시 촛불을 꺼 문을 닫을 것.  SNS에서 핫한 빙의 챌린지에 중독된 '미아'와 친구들. 위험한 게임을 이어가던 중 친구 '라일리'가 '미아'의 죽은 엄마에게 빙의되자 '미아'는 이성을 잃고 마의 90초를 넘기고 마는데!  죽음보다 끔찍하게, 당신을 무자비하게 뒤흔들 공포가 시작된다! #ㅌㅌㅁ #ㄷㄷㄷ"
23-24 분데스리가 뷰잉파티 8R 마인츠 vs 바이에른 뮌헨 ,,,,전체관람가,120분,2023.10.21,https://img.cgv.co.kr/Movie/Thumbnail/Poster/000087/87450/87450_1000.jpg,"[23-24 분데스리가 8R - 마인츠 vs 바이에른 뮌헨]  ""큰 거 온다!"" 모두가 기다린 코리안더비  이재성-김민재의 맞대결 COMING SOON!  뮌헨의 창과 방패, 해리 케인 & 김민재 듀오를 앞세워 상위권 순항 중인 바이에른 뮌헨  하지만 이번 원정은 알 수 없다?  하위권을 벗어나 반등이 절실한 마인츠 홈에서의 첫 승리를 기다리는 팬들을 위해 이재성은 해결사가 될 수 있을 것인가!  지금 가장 뜨거운 리그 ""분데스리가"" 23-24 시즌 첫 번째 코리안 리거 맞대결이 시작된다!   ※ 본 콘텐츠는 <23-24 분데스리가 8R 마인츠 vs 바이에른 뮌헨> 경기의 CGV 극장 생중계로 TVING을 통해 송출됩니다. ※ 본 콘텐츠는 본 경기에만 중계 화면 및 사운드가 송출되며, 경기 전 / 하프타임 / 경기 종료 직후에는 대기화면이 송출됩니다. ※ 본 콘텐츠는 당일 본 경기 종료 시 중계가 종료됩니다. ※ 본 콘텐츠는 상영관 내부 촬영 및 취재가 진행될 수 있으며, 추후 영상이 사용될 수 있습니다. ※ 본 콘텐츠는 특별 콘텐츠로 각종 할인쿠폰, 관람권, 상품권 사용 및 카드사 즉시 할인 적용이 제한될 수 있습니다. ※ 본 콘텐츠는 정시 시작 예정이나, 현지 상황에 따라 상영 시작이 지연될 수 있습니다. ※ 본 콘텐츠는 실시간 중계 콘텐츠 특성상 통신 환경에 따라 상영 중 일시적인 끊김, 지연 현상이 있을 수 있습니다.  ※ 극장 사정에 따라 중계 사고 발생 시, 공연업 보상 기준을 준용하여 보상하며, 세부내용은 CGV 홈페이지/앱 > 고객센터 > 공지/뉴스 > '실시간 중계 콘텐츠' 게시글 확인 부탁드립니다."
23-24 분데스리가 뷰잉파티 8R 마인츠 vs 바이에른 뮌헨 ,,,,전체관람가,120분,2023.10.21,https://img.cgv.co.kr/Movie/Thumbnail/Poster/000087/87450/87450_1000.jpg,"[23-24 분데스리가 8R - 마인츠 vs 바이에른 뮌헨]  ""큰 거 온다!"" 모두가 기다린 코리안더비  이재성-김민재의 맞대결 COMING SOON!  뮌헨의 창과 방패, 해리 케인 & 김민재 듀오를 앞세워 상위권 순항 중인 바이에른 뮌헨  하지만 이번 원정은 알 수 없다?  하위권을 벗어나 반등이 절실한 마인츠 홈에서의 첫 승리를 기다리는 팬들을 위해 이재성은 해결사가 될 수 있을 것인가!  지금 가장 뜨거운 리그 ""분데스리가"" 23-24 시즌 첫 번째 코리안 리거 맞대결이 시작된다!   ※ 본 콘텐츠는 <23-24 분데스리가 8R 마인츠 vs 바이에른 뮌헨> 경기의 CGV 극장 생중계로 TVING을 통해 송출됩니다. ※ 본 콘텐츠는 본 경기에만 중계 화면 및 사운드가 송출되며, 경기 전 / 하프타임 / 경기 종료 직후에는 대기화면이 송출됩니다. ※ 본 콘텐츠는 당일 본 경기 종료 시 중계가 종료됩니다. ※ 본 콘텐츠는 상영관 내부 촬영 및 취재가 진행될 수 있으며, 추후 영상이 사용될 수 있습니다. ※ 본 콘텐츠는 특별 콘텐츠로 각종 할인쿠폰, 관람권, 상품권 사용 및 카드사 즉시 할인 적용이 제한될 수 있습니다. ※ 본 콘텐츠는 정시 시작 예정이나, 현지 상황에 따라 상영 시작이 지연될 수 있습니다. ※ 본 콘텐츠는 실시간 중계 콘텐츠 특성상 통신 환경에 따라 상영 중 일시적인 끊김, 지연 현상이 있을 수 있습니다.  ※ 극장 사정에 따라 중계 사고 발생 시, 공연업 보상 기준을 준용하여 보상하며, 세부내용은 CGV 홈페이지/앱 > 고객센터 > 공지/뉴스 > '실시간 중계 콘텐츠' 게시글 확인 부탁드립니다."
23-24 분데스리가 뷰잉파티 8R 마인츠 vs 바이에른 뮌헨 ,,,,전체관람가,120분,2023.10.21,https://img.cgv.co.kr/Movie/Thumbnail/Poster/000087/87450/87450_1000.jpg,"[23-24 분데스리가 8R - 마인츠 vs 바이에른 뮌헨]  ""큰 거 온다!"" 모두가 기다린 코리안더비  이재성-김민재의 맞대결 COMING SOON!  뮌헨의 창과 방패, 해리 케인 & 김민재 듀오를 앞세워 상위권 순항 중인 바이에른 뮌헨  하지만 이번 원정은 알 수 없다?  하위권을 벗어나 반등이 절실한 마인츠 홈에서의 첫 승리를 기다리는 팬들을 위해 이재성은 해결사가 될 수 있을 것인가!  지금 가장 뜨거운 리그 ""분데스리가"" 23-24 시즌 첫 번째 코리안 리거 맞대결이 시작된다!   ※ 본 콘텐츠는 <23-24 분데스리가 8R 마인츠 vs 바이에른 뮌헨> 경기의 CGV 극장 생중계로 TVING을 통해 송출됩니다. ※ 본 콘텐츠는 본 경기에만 중계 화면 및 사운드가 송출되며, 경기 전 / 하프타임 / 경기 종료 직후에는 대기화면이 송출됩니다. ※ 본 콘텐츠는 당일 본 경기 종료 시 중계가 종료됩니다. ※ 본 콘텐츠는 상영관 내부 촬영 및 취재가 진행될 수 있으며, 추후 영상이 사용될 수 있습니다. ※ 본 콘텐츠는 특별 콘텐츠로 각종 할인쿠폰, 관람권, 상품권 사용 및 카드사 즉시 할인 적용이 제한될 수 있습니다. ※ 본 콘텐츠는 정시 시작 예정이나, 현지 상황에 따라 상영 시작이 지연될 수 있습니다. ※ 본 콘텐츠는 실시간 중계 콘텐츠 특성상 통신 환경에 따라 상영 중 일시적인 끊김, 지연 현상이 있을 수 있습니다.  ※ 극장 사정에 따라 중계 사고 발생 시, 공연업 보상 기준을 준용하여 보상하며, 세부내용은 CGV 홈페이지/앱 > 고객센터 > 공지/뉴스 > '실시간 중계 콘텐츠' 게시글 확인 부탁드립니다."
23-24 분데스리가 뷰잉파티 8R 마인츠 vs 바이에른 뮌헨 ,,,,전체관람가,120분,2023.10.21,https://img.cgv.co.kr/Movie/Thumbnail/Poster/000087/87450/87450_1000.jpg,"[23-24 분데스리가 8R - 마인츠 vs 바이에른 뮌헨]  ""큰 거 온다!"" 모두가 기다린 코리안더비  이재성-김민재의 맞대결 COMING SOON!  뮌헨의 창과 방패, 해리 케인 & 김민재 듀오를 앞세워 상위권 순항 중인 바이에른 뮌헨  하지만 이번 원정은 알 수 없다?  하위권을 벗어나 반등이 절실한 마인츠 홈에서의 첫 승리를 기다리는 팬들을 위해 이재성은 해결사가 될 수 있을 것인가!  지금 가장 뜨거운 리그 ""분데스리가"" 23-24 시즌 첫 번째 코리안 리거 맞대결이 시작된다!   ※ 본 콘텐츠는 <23-24 분데스리가 8R 마인츠 vs 바이에른 뮌헨> 경기의 CGV 극장 생중계로 TVING을 통해 송출됩니다. ※ 본 콘텐츠는 본 경기에만 중계 화면 및 사운드가 송출되며, 경기 전 / 하프타임 / 경기 종료 직후에는 대기화면이 송출됩니다. ※ 본 콘텐츠는 당일 본 경기 종료 시 중계가 종료됩니다. ※ 본 콘텐츠는 상영관 내부 촬영 및 취재가 진행될 수 있으며, 추후 영상이 사용될 수 있습니다. ※ 본 콘텐츠는 특별 콘텐츠로 각종 할인쿠폰, 관람권, 상품권 사용 및 카드사 즉시 할인 적용이 제한될 수 있습니다. ※ 본 콘텐츠는 정시 시작 예정이나, 현지 상황에 따라 상영 시작이 지연될 수 있습니다. ※ 본 콘텐츠는 실시간 중계 콘텐츠 특성상 통신 환경에 따라 상영 중 일시적인 끊김, 지연 현상이 있을 수 있습니다.  ※ 극장 사정에 따라 중계 사고 발생 시, 공연업 보상 기준을 준용하여 보상하며, 세부내용은 CGV 홈페이지/앱 > 고객센터 > 공지/뉴스 > '실시간 중계 콘텐츠' 게시글 확인 부탁드립니다."
23-24 분데스리가 뷰잉파티 8R 마인츠 vs 바이에른 뮌헨 ,,,,전체관람가,120분,2023.10.21,https://img.cgv.co.kr/Movie/Thumbnail/Poster/000087/87450/87450_1000.jpg,"[23-24 분데스리가 8R - 마인츠 vs 바이에른 뮌헨]  ""큰 거 온다!"" 모두가 기다린 코리안더비  이재성-김민재의 맞대결 COMING SOON!  뮌헨의 창과 방패, 해리 케인 & 김민재 듀오를 앞세워 상위권 순항 중인 바이에른 뮌헨  하지만 이번 원정은 알 수 없다?  하위권을 벗어나 반등이 절실한 마인츠 홈에서의 첫 승리를 기다리는 팬들을 위해 이재성은 해결사가 될 수 있을 것인가!  지금 가장 뜨거운 리그 ""분데스리가"" 23-24 시즌 첫 번째 코리안 리거 맞대결이 시작된다!   ※ 본 콘텐츠는 <23-24 분데스리가 8R 마인츠 vs 바이에른 뮌헨> 경기의 CGV 극장 생중계로 TVING을 통해 송출됩니다. ※ 본 콘텐츠는 본 경기에만 중계 화면 및 사운드가 송출되며, 경기 전 / 하프타임 / 경기 종료 직후에는 대기화면이 송출됩니다. ※ 본 콘텐츠는 당일 본 경기 종료 시 중계가 종료됩니다. ※ 본 콘텐츠는 상영관 내부 촬영 및 취재가 진행될 수 있으며, 추후 영상이 사용될 수 있습니다. ※ 본 콘텐츠는 특별 콘텐츠로 각종 할인쿠폰, 관람권, 상품권 사용 및 카드사 즉시 할인 적용이 제한될 수 있습니다. ※ 본 콘텐츠는 정시 시작 예정이나, 현지 상황에 따라 상영 시작이 지연될 수 있습니다. ※ 본 콘텐츠는 실시간 중계 콘텐츠 특성상 통신 환경에 따라 상영 중 일시적인 끊김, 지연 현상이 있을 수 있습니다.  ※ 극장 사정에 따라 중계 사고 발생 시, 공연업 보상 기준을 준용하여 보상하며, 세부내용은 CGV 홈페이지/앱 > 고객센터 > 공지/뉴스 > '실시간 중계 콘텐츠' 게시글 확인 부탁드립니다."
